folder,title,url

"dev","【南开大学 24C++】我 真 幸 运","https://www.bilibili.com/video/BV1kz421m7RQ/"
"dev","南开大学21级C++大作业","https://www.bilibili.com/video/BV1sZ4y1h7Ni/"
"dev","【南开大学23C++】doodlejump SpongeBob!-＞爷童回！！！","https://www.bilibili.com/video/BV1rT411h7C3/"
"dev","【南开大学23C++】最后的坤坤","https://www.bilibili.com/video/BV1Ds4y1X756/"
"dev","［南开大学23c++］大一学生卷不过周围同学，悲痛欲绝（），一气之下把坤坤和马保国做成了游戏","https://www.bilibili.com/video/BV1zh41177zH/"
"dev","[南开大学 23C++]混乱大枪战","https://www.bilibili.com/video/BV1ra4y1g78n/"
"dev","【南开大学23C++】抑烟丁真，需要10w播放，球球jrm了","https://www.bilibili.com/video/BV16m4y1b77P/"
"dev","【南开大学23c++】小草神跑酷","https://www.bilibili.com/video/BV1xo4y1c7ZL/"
"dev","[南开大学23C++]biu~biu~biu(2D矢量射击游戏)","https://www.bilibili.com/video/BV1Uc411P7bQ/"
"dev","[南开大学 23C++] 抛瓦人","https://www.bilibili.com/video/BV1cg4y1g7hE/"
"dev","黑马程序员前端JavaScript入门到精通全套视频教程，javascript核心进阶ES6语法、API、js高级等基础知识和实战教程","https://www.bilibili.com/video/BV1Y84y1L7Nn/"
"dev","为初学者准备的：HTML 速成","https://www.bilibili.com/video/BV1vs411M7aT/"
"dev","尚硅谷React教程（已加更新版内容，B站最火）","https://www.bilibili.com/video/BV1wy4y1D7JT/"
"dev","尚硅谷Vue2.0+Vue3.0全套教程丨vuejs从入门到精通","https://www.bilibili.com/video/BV1Zy4y1K7SH/"
"dev","【南开大学 23C++】关于我肝了个原神新活动这件事","https://www.bilibili.com/video/BV1Th411w77A/"
"dev","如何用数学理解一个数独？","https://www.bilibili.com/video/BV1QrpheREh4/"
"dev","信息学竞赛 (OI) 究竟发生了什么？","https://www.bilibili.com/video/BV1di421f7L5/"
"dev","新版chatGPT秒杀最新的leetcode周赛","https://www.bilibili.com/video/BV1MYtgeuEAF/"
"dev","Mac虚拟机 在Win的Linux子系统的Docker里运行MacOS，操作系统大套娃","https://www.bilibili.com/video/BV1j2421o77K/"
"dev","黑马程序员pink老师前端入门教程，零基础必看的h5(html5)+css3+移动端前端视频教程","https://www.bilibili.com/video/BV14J4114768/"
"dev","【GeekHour】一小时Git教程","https://www.bilibili.com/video/BV1HM411377j/"
"dev","JavaScript前端课程-dom-bom-js-es6新语法-jQuery-数据可视化echarts黑马pink老师前端入门基础视频教程(500多集)持续","https://www.bilibili.com/video/BV1Sy4y1C7ha/"
"dev","Node.js","https://www.bilibili.com/video/BV1cV4y1B7P4/"
"dev","【Web前端开发】《零基础入门学习Web开发》（HTML5&CSS3）","https://www.bilibili.com/video/BV1QW411N762/"
"dev","8小时转职Golang工程师(如果你想低成本学习Go语言)","https://www.bilibili.com/video/BV1gf4y1r79E/"
"dev","Three.js教程  2024年新版本  配源码和电子书(私信获取)  持续更新中","https://www.bilibili.com/video/BV14r4y1G7h4/"
"dev","你真的了解 JSON 吗？","https://www.bilibili.com/video/BV1P1421o7ue/"
"dev","Rust 打卡第一天","https://www.bilibili.com/video/BV1y4421Q7eo/"
"dev","flex弹性布局 动画详解系列 css科普教程","https://www.bilibili.com/video/BV1Rv4y177rj/"
"dev","5分钟学会 HTML 网页制作","https://www.bilibili.com/video/BV14V411Z7Bo/"
"dev","纯CSS制作“继续阅读”","https://www.bilibili.com/video/BV16Q4y1B7Sc/"
"dev","Alpine.js—Vue/React以外的选择？","https://www.bilibili.com/video/BV1w64y1b7eF/"
"dev","为了苹果网站的特效，写了个JS库","https://www.bilibili.com/video/BV1xU4y1c7uq/"
"dev","用一个div画小米新Logo","https://www.bilibili.com/video/BV1V64y1S769/"
"dev","[CSS] 打勾动画","https://www.bilibili.com/video/BV1ME411F7BG/"
"dev","【CSS】当红框架！你必须认识Tailwind CSS","https://www.bilibili.com/video/BV1vU4y1h7M1/"
"dev","tailwindcss 新手入门介绍","https://www.bilibili.com/video/BV1yR4y1a7by/"
"dev","使用 HTML+CSS 制作动态 Hamburger Menu","https://www.bilibili.com/video/BV1Et411c7Y4/"
"dev","[Vue] 制作滚动计数器","https://www.bilibili.com/video/BV1tV41167Yr/"
"dev","[CSS] 瀑布流效果","https://www.bilibili.com/video/BV1xa4y147JP/"
"dev","【CSS】轮播图效果","https://www.bilibili.com/video/BV1Bt4y1S7kv/"
"dev","CSS 滾筒效果｜使用 Scroll Snap","https://www.bilibili.com/video/BV1bK411G7FU/"
"dev","前端117题｜你问我答","https://www.bilibili.com/video/BV1pr4y1N7yN/"
"dev","【网页特效】丝滑的macOS Dock效果","https://www.bilibili.com/video/BV1Sf4y1s7Cg/"
"dev","ins story立体盒子翻转特效","https://www.bilibili.com/video/BV1YU4y177wa/"
"dev","【CSS】动态彩色背景","https://www.bilibili.com/video/BV1b44y1e7Wx/"
"dev","【CSS】conic-gradient 打造流动色彩背景｜粤语中字","https://www.bilibili.com/video/BV1mM4y1J7se/"
"dev","用 jQuery / Vue / React 做三次计数器","https://www.bilibili.com/video/BV14J41117Qe/"
"dev","[JS] 三个事件绑定方法","https://www.bilibili.com/video/BV1LE411A7fu/"
"dev","[Vue.js] 圆形线条倒数特效","https://www.bilibili.com/video/BV1c7411j7eL/"
"dev","[CSS] 聚光灯效果","https://www.bilibili.com/video/BV16E411N7Ru/"
"dev","22年前的浏览器，今天能用吗？","https://www.bilibili.com/video/BV16q4y157RQ/"
"dev","写了个沉浸式阅读工具｜学英语可以去到几尽｜Flipulous","https://www.bilibili.com/video/BV1K14y197Zx/"
"dev","[CSS] Hold-to-Delete me if you can!","https://www.bilibili.com/video/BV1nx4y1c7fV/"
"laughter","猫雷能不能不要再去当陪酒女了，喵喵露养你","https://www.bilibili.com/video/BV19Z4y1o7KA/"
"laughter","【猫雷】我回来了","https://www.bilibili.com/video/BV1n44y1w76j/"
"laughter","【東雪蓮】虚拟主播离陪酒女只有两步之遥","https://www.bilibili.com/video/BV1f94y1Q7zK/"
"laughter","“我，因玩原神，被依法判处死刑。”","https://www.bilibili.com/video/BV1HN4y1C7Ep/"
"laughter","【张诗尧】青海摇原版视频","https://www.bilibili.com/video/BV17G4y1U7jh/"
"laughter","“今晚上和三月七约跑...”","https://www.bilibili.com/video/BV1VyxMeKEff/"
"laughter","【湊あくあ/我回来了】▼梦幻的湊阿库娅复活直播！【欢迎回来】【剪辑】","https://www.bilibili.com/video/BV1bE411t7Ds/"
"laughter","【湊あくあ】嗯゛啊゛啊゛啊゛啊゛啊゛啊゛","https://www.bilibili.com/video/BV11T4y177pS/"
"laughter","阿夸三年前的op","https://www.bilibili.com/video/BV183aSehED3/"
"laughter","【阿夸放送事故】关于直播忘关麦而暴露出阿夸是叛逆少女这档事（熟肉）","https://www.bilibili.com/video/BV17Z4y1R7fC/"
"laughter","陈子豪：给大佬们秀秀厨艺！","https://www.bilibili.com/video/BV1VHsdeYEyg/"
"laughter","《论发病》：当我们对纸片人发病的时候，我们在发什么？","https://www.bilibili.com/video/BV1zM4y1E7Fm/"
"laughter","打不过，就加入他们","https://www.bilibili.com/video/BV16ttCeDEDg/"
"laughter","你知道我为了车不被砸，付出了多少努力么？","https://www.bilibili.com/video/BV1vCtRegEnL/"
"laughter","【4K 60P】跳舞螃蟹","https://www.bilibili.com/video/BV1Fb4y1y7YF/"
"laughter","【湊あくあ】给自己本子做宣传的湊阿库娅【剪辑】","https://www.bilibili.com/video/BV1jE411f7eP/"
"laughter","一分钟把Aqua气得呛到【神楽めあ】","https://www.bilibili.com/video/BV174411R7eL/"
"laughter","请给我钱【一分钟带你看神楽めあ】","https://www.bilibili.com/video/BV1zt41167qq/"
"laughter","【東雪蓮】我回来了","https://www.bilibili.com/video/BV1n14y1z7k3/"
"laughter","【反省】睡过头了、真的非常抱歉！【湊あくあ】【剪辑】","https://www.bilibili.com/video/BV1z4411V7ug/"
"laughter","外国猫猫第一次看「西游记」","https://www.bilibili.com/video/BV1j5411u7T6/"
"laughter","《一只没有眼睛，一只没有尾巴》","https://www.bilibili.com/video/BV1va4Ye5Ero/"
"laughter","不是，他说要你就给了啊？","https://www.bilibili.com/video/BV147HSecEcP/"
"laughter","当柚子厨要期末考试了，隔壁在练肖邦李斯特，而我…….","https://www.bilibili.com/video/BV1tj411n7e1/"
"laughter","【公务员考试】判断推理《行测》系统课（全国通用）丨 零基础考公基础学习网课丨行测+申论合集精讲丨国考、省考通用丨考公知识点、技巧讲解","https://www.bilibili.com/video/BV1PK4be2E9c/"
"laughter","崩坏3和星穹铁道联动？我没睡醒吧？","https://www.bilibili.com/video/BV1YCtuekE4J/"
"laughter","【千恋万花】轮到朝武芳乃给你洗脑了","https://www.bilibili.com/video/BV1kJ411u7PN/"
"laughter","当高考遇上皇室战争，你会如何选择你的卡牌","https://www.bilibili.com/video/BV1yS411N7tC/"
"laughter","《硬 用 数 学》","https://www.bilibili.com/video/BV1N94y1D7hM/"
"laughter","我和 5个AI机器人玩狼人杀，场面根本控制不住！！","https://www.bilibili.com/video/BV16y411e75j/"
"laughter","【 狼 人 杀 病 友 局 】","https://www.bilibili.com/video/BV1KE411P7ak/"
"laughter","成功揭秘崩铁人气王斯科特我已超越99%的三月七！","https://www.bilibili.com/video/BV1cE421w7qg/"
"laughter","《原神》角色演示-「钟莉：哒哒哒」","https://www.bilibili.com/video/BV1a34y127yT/"
"laughter","【真原神】偷偷对着头敲一下不会被发现吧！","https://www.bilibili.com/video/BV1Cf421v717/"
"laughter","【真原神】重生之我是医王！悬壶济世救岩王！？","https://www.bilibili.com/video/BV1um421G7U7/"
"laughter","求婚 (プロポーズ) 你愿意永远和我在一起吗","https://www.bilibili.com/video/BV1Yr421K7BW/"
"laughter","上一个看这个的高中生已经疯了","https://www.bilibili.com/video/BV1N2421N7xg/"
"laughter","你们米游玩家的精神状态都是这样的吗？","https://www.bilibili.com/video/BV1Lx4y1x7ad/"
"laughter","《这么严肃的游戏 ，哪来这么多谐音烂笑话》","https://www.bilibili.com/video/BV1DW421R7W9/"
"laughter","必养的大锤bug蚌埠住了","https://www.bilibili.com/video/BV1Hi421Y7Gq/"
"laughter","力量哥锦标赛遇到外挂","https://www.bilibili.com/video/BV18f421z7QM/"
"laughter","【搬运】【粘科】这个操作系统太二次元了吧？！MangakaOS上手体验","https://www.bilibili.com/video/BV1Ch411z7mF/"
"laughter","【搞笑向】上海空中课堂口误集锦汇总版！终于可以在一个视频里笑从头笑到尾了！","https://www.bilibili.com/video/BV19a4y1t7Ut/"
"laughter","[日科]“不存在”的系统击败了macOS？Google如何又一次战胜的苹果？","https://www.bilibili.com/video/BV1Wq4y1J7ng/"
"laughter","安徽颠婆，啥子是欢愉？【花火PV翻配】","https://www.bilibili.com/video/BV1zx4y1B7As/"
"laughter","当最会怼人的四位角色凑在一起时……","https://www.bilibili.com/video/BV1bw4m1f7PF/"
"laughter","【人物档案】小鸟游星野","https://www.bilibili.com/video/BV1Zh4y1y7CC/"
"laughter","我女朋友呢？","https://www.bilibili.com/video/BV1P24y1q7mC/"
"laughter","这都夹不死你？","https://www.bilibili.com/video/BV1tG4y1U7fk/"
"laughter","我为逝者哀哭","https://www.bilibili.com/video/BV1eJ4m1N7b7/"
"laughter","【流浪者】辟谣！视频均不是流浪者本人！丨荒野乱斗","https://www.bilibili.com/video/BV1zt421E75W/"
"laughter","【散人】与心海的斗智斗勇！坑爹i wanna欢乐大战","https://www.bilibili.com/video/BV17B4y1h7uN/"
"doujin","今天给兄弟们看看榜一大哥视角！","https://www.bilibili.com/video/BV17e411C7HK/"
"doujin","给你那么多暗❤示，为什么你还是？？？","https://www.bilibili.com/video/BV17K411G7SJ/"
"doujin","“今晚上和三月七约跑...”","https://www.bilibili.com/video/BV1VyxMeKEff/"
"doujin","💹-50％","https://www.bilibili.com/video/BV1d1421o7w8/"
"doujin","[全熟]猫雷醉酒回! 重新定义真正的可爱! 最无法忘记的一集[历史回忆系列][2022/7/5]","https://www.bilibili.com/video/BV1hpsyeAEyi/"
"doujin","Hiten是谁？怎么火的？作品第一次动画化？本子争议极大！堪称“唯美之神”画作流传度极广！【一口气了解Hiten】","https://www.bilibili.com/video/BV17w411b7Lq/"
"doujin","【湊あくあ】给自己本子做宣传的湊阿库娅【剪辑】","https://www.bilibili.com/video/BV1jE411f7eP/"
"doujin","【原神手书】心海的能量值不~够~了，呜——","https://www.bilibili.com/video/BV1tf4y1c7CE/"
"doujin","【欧黄组合（下集）】想要波提欧的左轮跳枪教学？看好了！","https://www.bilibili.com/video/BV1xZ421K7JU/"
"doujin","【欧黄组合（上集）】他宝贝的真爱死这虚无令使了！","https://www.bilibili.com/video/BV1Wf421e7ME/"
"doujin","【轮椅】你还在玩传统飞霄？试试这款新飞霄配队！","https://www.bilibili.com/video/BV1fB48ekEp2/"
"doujin","360°全方位欣赏克拉拉，猩红兔子不穿鞋，被冻得好红啊！","https://www.bilibili.com/video/BV1Uz4y15772/"
"doujin","360°全方位欣赏“黑塔”，可爱的人偶小姐，你们喜欢吗？","https://www.bilibili.com/video/BV1Bi4y1z7Wj/"
"doujin","【补档】老师，我...我...我想0721！","https://www.bilibili.com/video/BV1Lz4y1v7xa/"
"doujin","8848 onanii手机","https://www.bilibili.com/video/BV1pC411r7mU/"
"doujin","援 桌 骑 士","https://www.bilibili.com/video/BV1HM4m117fJ/"
"doujin","大祥老师请注意形象","https://www.bilibili.com/video/BV1c1421B7Yr/"
"doujin","直男配音演员在配攻受h的时候会不会尴尬呢？","https://www.bilibili.com/video/BV1jD4y1X7Pj/"
"doujin","【误解向】拿到缘某空剧本的周防有希","https://www.bilibili.com/video/BV1nMYCeAEi6/"
"doujin","不是，他说要你就给了啊？","https://www.bilibili.com/video/BV147HSecEcP/"
"doujin","什么，你们居然想看我Steam游戏库存？","https://www.bilibili.com/video/BV1Pb421n7Sy/"
"doujin","📢📢嗯哼哼~我要睡午觉，睡在哪里才最舒服呀~📢📢","https://www.bilibili.com/video/BV1cj411t7nz/"
"doujin",""" 已 读 乱 回  ！""","https://www.bilibili.com/video/BV1ay411v7Kp/"
"doujin","【崩坏学园2】被医疗天使救治，这辈子有了","https://www.bilibili.com/video/BV1An4y1Z7SL/"
"doujin","⚡ 电 子 奸 臣 花 火 ⚡","https://www.bilibili.com/video/BV1t1HFeZEMt/"
"doujin","[星铁相声118]社恐妹妹秒变社牛花火，把大夫当小白鼠调教？！","https://www.bilibili.com/video/BV1G4421o7sm/"
"doujin","【花火】phony/偽物","https://www.bilibili.com/video/BV1rz421R7Dw/"
"doujin","不时以粤语羞辱我的艾莉同学","https://www.bilibili.com/video/BV1ow4m1r7n9/"
"doujin","将周防有希用某空的方式打开会发生什么？BGM出音味来！","https://www.bilibili.com/video/BV1zQvdeuED3/"
"doujin","【PS教程】次元 Level UP！将喜欢的角色带入你的生活","https://www.bilibili.com/video/BV1nQvGeJEsS/"
"doujin","已经无法忍受没有简小姐的人生了","https://www.bilibili.com/video/BV1eE4m1R7YL/"
"doujin","铃：睡了个好觉！","https://www.bilibili.com/video/BV114421Z7E5/"
"doujin","云璃：谁偷拍的，主动站出来！","https://www.bilibili.com/video/BV1uE4m1d7Je/"
"doujin","【崩坏学园2】我勒个萝莉天堂啊！","https://www.bilibili.com/video/BV1SE4m1R77t/"
"doujin","【绝区零16+动画】朱鸢的早晨","https://www.bilibili.com/video/BV12T42167H4/"
"doujin","【真原神】偷偷对着头敲一下不会被发现吧！","https://www.bilibili.com/video/BV1Cf421v717/"
"doujin","千恋＊万花OP动画","https://www.bilibili.com/video/BV1L4421S7Kr/"
"doujin","【星穹铁道】住手！不能对卡芙卡妈妈无礼！","https://www.bilibili.com/video/BV1wu4y1z7KR/"
"doujin","最弱无败神装旅行者🥵#01","https://www.bilibili.com/video/BV1uz421i7dQ/"
"doujin","“流萤喝多啦…再陪陪流萤可以吗……”【抱崩铁】","https://www.bilibili.com/video/BV1Py411B75S/"
"doujin","流萤你个人机","https://www.bilibili.com/video/BV1Kf421m7nT/"
"doujin","《恋爱军师》","https://www.bilibili.com/video/BV1AH4y1w7en/"
"doujin","【绝区零】艾莲：请选择您的服务，魂淡~","https://www.bilibili.com/video/BV1Ex4y1t7dE/"
"doujin","【原神】和 纳 西 妲 的 一 天！","https://www.bilibili.com/video/BV1QG411c71M/"
"doujin","【绝区零】艾莲的特殊服务","https://www.bilibili.com/video/BV1C1421b7pA/"
"doujin","戒色时经常会发生的事....","https://www.bilibili.com/video/BV1TH4y1A7XJ/"
"doujin","搞不懂这些年轻人怎么老沉浸在游戏角色里","https://www.bilibili.com/video/BV1Wt421H7Y6/"
"doujin","点击查询胡桃厨精神状态","https://www.bilibili.com/video/BV1jM4y1H7uq/"
"doujin","最抽象的一集","https://www.bilibili.com/video/BV1iu4y197Ha/"
"doujin","360°全方位欣赏刻晴，璃月的猫猫，黑丝双马尾赛高！","https://www.bilibili.com/video/BV1By4y1P7XX/"
"doujin","360°全方向欣赏刻晴礼服，霓裾翩跹，能看到事业线了！","https://www.bilibili.com/video/BV14H4y1r7UF/"
"doujin","重生之 我是东雪莲！","https://www.bilibili.com/video/BV1xs4y1175D/"
"doujin","《血   气   方   刚 ！》","https://www.bilibili.com/video/BV18j41167CA/"
"doujin","真正的vtb舔狗.avi","https://www.bilibili.com/video/BV1Yb4y1W7DJ/"
"doujin","儿童节的正确穿搭.zip","https://www.bilibili.com/video/BV1VY4y1x7rk/"
"doujin","一口气看完当指挥官给小船们检查身体时的反应","https://www.bilibili.com/video/BV1aD421K798/"
"doujin","柯莱特🥵想要了？😋❤️","https://www.bilibili.com/video/BV1o94y1u7mo/"
"doujin","安克雷奇……努力学习……！","https://www.bilibili.com/video/BV1tt421g7a7/"
"doujin","【原神】👴和刻晴的婚后生活","https://www.bilibili.com/video/BV1Yg411F7Lg/"
"doujin","要变成心海的充电器了","https://www.bilibili.com/video/BV12i421C7nY/"
"doujin","离谱！让角色倒立起飞！（太快乐了）","https://www.bilibili.com/video/BV1Sd4y1B75K/"
"doujin","当你微调一下花火语音顺序后，就能体会到中华语言的博大精深","https://www.bilibili.com/video/BV1Gj421S7em/"
"doujin","【星穹铁道】花 火 的 秘 密","https://www.bilibili.com/video/BV1ZH4y1L7sZ/"
"music","猫雷能不能不要再去当陪酒女了，喵喵露养你","https://www.bilibili.com/video/BV19Z4y1o7KA/"
"music","【4K高清修复&音源升级】God Knows...","https://www.bilibili.com/video/BV16i4y1j7aX/"
"music","“俺は東京レ、東京洛陽レ”日语填词《5:20AM》（完整版）/AI東 雪蓮","https://www.bilibili.com/video/BV1S1421d74g/"
"music","【百合神曲】magnet【初音ミク.巡音ルカ】字幕内嵌","https://www.bilibili.com/video/BV1xx411c7UF/"
"music","《原神》剧情PV-「轻涟」","https://www.bilibili.com/video/BV1Jg4y197YW/"
"music","【湊あくあ×犬山たまき】magnet【唱了首歌】","https://www.bilibili.com/video/BV1St411z7bu/"
"music","“听我说，忘了我...”","https://www.bilibili.com/video/BV1tRtaeeEhd/"
"music","100首肖邦最著名的作品","https://www.bilibili.com/video/BV1ys411k74h/"
"music","从出生就跳进了《染缸》","https://www.bilibili.com/video/BV1wEaRewEon/"
"music","中国讽刺工作歌曲【下班歌】","https://www.bilibili.com/video/BV1jevaeYEzj/"
"music","丁真新曲《丁花瓷》，最有文化的一集","https://www.bilibili.com/video/BV1p1421t7ky/"
"music","【千恋万花】轮到朝武芳乃给你洗脑了","https://www.bilibili.com/video/BV1kJ411u7PN/"
"music","【葛平金曲】循环（完整版）","https://www.bilibili.com/video/BV1Ux411c74Z/"
"music","【牛枝组合】银枝宝贝只需要抬音响就行了，而我波提欧要考虑的就多了","https://www.bilibili.com/video/BV1sM4m1m7AB/"
"music","【4K60FPS】老鹰乐队Eagles《加州旅馆》神级现场！人生一定要看的现场！","https://www.bilibili.com/video/BV15f4y1p7Gq/"
"music","【官方 MV】Never Gonna Give You Up - Rick Astley","https://www.bilibili.com/video/BV1GJ411x7h7/"
"music","一些经常能在各种地方听到的动画BGM出处。","https://www.bilibili.com/video/BV1BX4y1o7jU/"
"music","【凉宫春日的消失】请不要忘记 我在这里","https://www.bilibili.com/video/BV1Zs411Z7XV/"
"music","【学习用OST】葬送的芙莉莲中最动听的原声音乐 ～","https://www.bilibili.com/video/BV1fuWKeeEXL/"
"music","フォニイ / phony / 偽物 - kafu [オリジナル] - ツミキ","https://www.bilibili.com/video/BV1ih411e7gn/"
"music","【花火】phony/偽物","https://www.bilibili.com/video/BV1rz421R7Dw/"
"music","曾火遍全网的《溯》，你是否还知道？","https://www.bilibili.com/video/BV1E7411k7Qy/"
"music","《如果》","https://www.bilibili.com/video/BV1sy4y187Vu/"
"music","“你一定听过他的名号”","https://www.bilibili.com/video/BV1Mz421B7r1/"
"music","【原创｜cv原唱歌曲】《见习小判官》","https://www.bilibili.com/video/BV1p4421S7bE/"
"music","《你眼里的光》bilibili x老番茄x老坛胡说 ｜ 不要关掉你眼里的光","https://www.bilibili.com/video/BV14b4y1d7Q7/"
"music","植物大战僵尸2 - 音乐全收录","https://www.bilibili.com/video/BV1us411y7zw/"
"music","[星铁相声116]飞鱼妹妹倾情献唱，大夫听得星宇啵啵！！","https://www.bilibili.com/video/BV1z1421t7Hi/"
"music","【游戏音乐|合集】塞尔达传说·时之笛 原声带（ The Legend of Zelda- Ocarina of Time OST） 79首","https://www.bilibili.com/video/BV1F8411B78Y/"
"music","千恋＊万花OP动画","https://www.bilibili.com/video/BV1L4421S7Kr/"
"music","【Playlist】在塞尔达的世界里奏响爵士！充满回忆的塞尔达爵士歌单｜Zelda Jazz/回忆/放松/塞尔达｜原创精选歌单｜奥特姆号电波 Vol.148","https://www.bilibili.com/video/BV1TC411b72T/"
"music","求婚 (プロポーズ) 你愿意永远和我在一起吗","https://www.bilibili.com/video/BV1Yr421K7BW/"
"music","“一曲《调查中》，带你走过尘世五国”","https://www.bilibili.com/video/BV1Ea4y1z7pZ/"
"music","【原创歌曲】粛聖!! ロリ神レクイエム☆ _ 时雨羽衣（9岁）","https://www.bilibili.com/video/BV1sH4y1D79p/"
"music","上一个看这个的高中生已经疯了","https://www.bilibili.com/video/BV1N2421N7xg/"
"music","《Smoke Falls Down》","https://www.bilibili.com/video/BV1ow4m1a7yL/"
"music","胡桃单曲《嗷》","https://www.bilibili.com/video/BV1Dp4y1H7RE/"
"music","晕晕电波症候群 / 主播女孩重度依赖 追加乐曲宣传片","https://www.bilibili.com/video/BV11z421z7cT/"
"music","苹果选的情歌，妙不可言！- 听歌时间2期《情歌》","https://www.bilibili.com/video/BV1rz421q7ba/"
"music","【光翼展开 坐杀使徒】One Last Kiss × All My People Remix，听完汗流浃背了！","https://www.bilibili.com/video/BV1yN4y1h7no/"
"music","【星穹铁道丨填翻】⚡️流萤&三月七-对唱《素颜》⚡️","https://www.bilibili.com/video/BV1zf421X77P/"
"music","【流萤】坏女孩","https://www.bilibili.com/video/BV1BS421d73Z/"
"music","【中文翻唱】勇者《葬送的芙莉莲》OP","https://www.bilibili.com/video/BV1jZ421M7nh/"
"music","【花火】“一曲《调查中》，带你领略愚者的欢愉”","https://www.bilibili.com/video/BV1hS421w7Vc/"
"music","【星穹铁道/花火】“在《雾里》，我欢愉得像个星神！”","https://www.bilibili.com/video/BV1bC411b7Yh/"
"music","再来亿遍！流萤版《One Last Kiss》，飞萤扑火，向死而生！","https://www.bilibili.com/video/BV1Ni421v7LM/"
"music","【填词/MyGO】素颜","https://www.bilibili.com/video/BV1GK421v7zv/"
"music","【填词/MyGO】浮夸-“从过去繁锦上摘花，点燃当下”","https://www.bilibili.com/video/BV1xH4y1g7xn/"
"music","【填词/Mygo】我还年轻 我还年轻","https://www.bilibili.com/video/BV15i421i7af/"
"music","[碧蓝档案Blue Archive] BGM Collections（收录83首）","https://www.bilibili.com/video/BV1Jh411d7kd/"
"music","「碧蓝档案OST🎵」音乐合集~Vol.1（320K）","https://www.bilibili.com/video/BV1Fh411s7ps/"
"music","【Hi-Res】I Got Smoke - Explicit Ver.","https://www.bilibili.com/video/BV1Hn4y1d7Tz/"
"music","《范进中举》","https://www.bilibili.com/video/BV1TV411W7vR/"
"music","“你就想摘我的果 你还想捻我的花”","https://www.bilibili.com/video/BV1YY4y127S6/"
"music","他想做个《差生》","https://www.bilibili.com/video/BV1oW4y1X785/"
"music","【荒野乱斗/CP向手书】QUEEN","https://www.bilibili.com/video/BV1gv411J76G/"
"music","【中字】《INTERNET YAMERO》 Aiobahn feat. KOTOKO 《主播女孩重度依赖/NEEDY GIRL OVERDOSE》第二弹MV","https://www.bilibili.com/video/BV1jk4y187UA/"
"music","可以点一下封面吗？","https://www.bilibili.com/video/BV1iC41177Rk/"
"music","I Got Smoke (2022年一把米诺贝尔奖金曲)","https://www.bilibili.com/video/BV1UW4y1N79w/"
"music","献给我仅有的669个粉丝","https://www.bilibili.com/video/BV1Yc41187eA/"
"music","五首歌，造个新梦 - 听歌时间第1期《梦》","https://www.bilibili.com/video/BV1Mm421u71A/"
"music","【填词/MyGO】富士山下 -“不欢而散是我温柔的离场”","https://www.bilibili.com/video/BV18T42197rX/"
"music","BOOM! CLAP❤️","https://www.bilibili.com/video/BV1Ti421k7Nh/"
"music","【泛式/剧情MAD】你是我遥不可及的梦「𝒀𝒐𝒖 𝒂𝒓𝒆 𝒎𝒆𝒓𝒆𝒍𝒚 𝒂 𝑫𝒓𝒆𝒂𝒎」孤独摇滚","https://www.bilibili.com/video/BV1xN411F7ne/"
"music","【泪目向Flower Dance】鸠子：中二是什么？我不明白啊！","https://www.bilibili.com/video/BV1yx411P7EX/"
"music","【忆辰】《高三牲5:20》完整版来啦！","https://www.bilibili.com/video/BV1Yf421S7JT/"
"music","【汤家凤】你的学习态度已经让我看不下去了","https://www.bilibili.com/video/BV1DQ4y1N7ux/"
"music","“泰勒展开，坐杀博徒！”","https://www.bilibili.com/video/BV1aN411s7y6/"
"music","“我在5:20睡觉，下课铃响准时醒”","https://www.bilibili.com/video/BV1ZF4m1K7qo/"
"music","⚡️TiK ToK⚡️","https://www.bilibili.com/video/BV1dA4m1A7Az/"
"music","❤️I Really Like You❤️","https://www.bilibili.com/video/BV1Vf421f72d/"
"music","毕业找不到工作，又疯了一个","https://www.bilibili.com/video/BV13D421j7SE/"
"music","该视频已失效","https://www.bilibili.com/video/BV1jz421R7V2/"
"music","感觉身体被掏空by彩虹室内合唱团","https://www.bilibili.com/video/BV1fs411k7Kj/"
"music","“要错过几个她，用最好的年华”","https://www.bilibili.com/video/BV1FU421o74F/"
"music","“那年17，以为純愛无敌”","https://www.bilibili.com/video/BV1m5411C7Rx/"
"music","你可见过音画完全重置的超炮OP?——小提琴版FinalPhase","https://www.bilibili.com/video/BV1h7411b7Fx/"
"music","【后朋/广井】酒精的味道袭来，才知道我们已经成年了","https://www.bilibili.com/video/BV1oN411G7Uj/"
"music","【女装翻唱】单相思/单恋/カタオモイ-Aimer（cover）【超超】","https://www.bilibili.com/video/BV1WE41197TV/"
"music","《音乐永远不会欺骗你》大感谢版：感谢有你们","https://www.bilibili.com/video/BV1fr4y1c7pG/"
"music","【蒙太奇说唱】插叙人生","https://www.bilibili.com/video/BV1Qj411r7cV/"
"music","《主播女孩重度依赖/NEEDY GIRL OVERDOSE》主题歌 KOTOKO演唱电波系歌曲《INTERNET OVERDOSE》","https://www.bilibili.com/video/BV1gU4y187xA/"
"music","有 人 随 着 风 去 了","https://www.bilibili.com/video/BV1mi4y1s7HD/"
"music","社畜爆肝为新裤子《没有理想的人》制作动画！用爱发电吧！","https://www.bilibili.com/video/BV1bC4y1s7iz/"
"weather","今天我们来玩天狗","https://www.bilibili.com/video/BV1FSx8eGEKV/"
"weather","【東雪蓮】虚拟主播离陪酒女只有两步之遥","https://www.bilibili.com/video/BV1f94y1Q7zK/"
"weather","“我，因玩原神，被依法判处死刑。”","https://www.bilibili.com/video/BV1HN4y1C7Ep/"
"weather","今天给兄弟们看看榜一大哥视角！","https://www.bilibili.com/video/BV17e411C7HK/"
"weather","给你那么多暗❤示，为什么你还是？？？","https://www.bilibili.com/video/BV17K411G7SJ/"
"weather","【张诗尧】青海摇原版视频","https://www.bilibili.com/video/BV17G4y1U7jh/"
"weather","💹-50％","https://www.bilibili.com/video/BV1d1421o7w8/"
"weather","【湊あくあ/我回来了】▼梦幻的湊阿库娅复活直播！【欢迎回来】【剪辑】","https://www.bilibili.com/video/BV1bE411t7Ds/"
"weather","差点把德芙吐出来","https://www.bilibili.com/video/BV1wD42137i6/"
"weather","[全熟]猫雷醉酒回! 重新定义真正的可爱! 最无法忘记的一集[历史回忆系列][2022/7/5]","https://www.bilibili.com/video/BV1hpsyeAEyi/"
"weather","陈子豪：给大佬们秀秀厨艺！","https://www.bilibili.com/video/BV1VHsdeYEyg/"
"weather","《论发病》：当我们对纸片人发病的时候，我们在发什么？","https://www.bilibili.com/video/BV1zM4y1E7Fm/"
"weather","“俺は東京レ、東京洛陽レ”日语填词《5:20AM》（完整版）/AI東 雪蓮","https://www.bilibili.com/video/BV1S1421d74g/"
"weather","【湊あくあ×犬山たまき】magnet【唱了首歌】","https://www.bilibili.com/video/BV1St411z7bu/"
"weather","【自己介绍】初次见面、我是凑阿库娅！","https://www.bilibili.com/video/BV1Qt411C73m/"
"weather","【反省】睡过头了、真的非常抱歉！【湊あくあ】【剪辑】","https://www.bilibili.com/video/BV1z4411V7ug/"
"weather","maimai入坑指南","https://www.bilibili.com/video/BV1kK4y1X7um/"
"weather","“听我说，忘了我...”","https://www.bilibili.com/video/BV1tRtaeeEhd/"
"weather","十三级台风下citywalk，我疯了吗 | vlog上海女大学生人生记录","https://www.bilibili.com/video/BV1KNtxeyEmK/"
"weather","最近去上海211大学校园招聘的一些感想","https://www.bilibili.com/video/BV1tk4hefEEE/"
"weather","从出生就跳进了《染缸》","https://www.bilibili.com/video/BV1wEaRewEon/"
"weather","《终点只在心中》，黑塔，手书动画","https://www.bilibili.com/video/BV1j14y1B7eE/"
"weather","锐评互联网现状！星穹铁道，它又干了！","https://www.bilibili.com/video/BV1uT4ZeBEto/"
"weather","【绘制流程 | 崩铁 |黑塔】我已经够完美了，还有什么事要做？","https://www.bilibili.com/video/BV1AW421d7ua/"
"weather","【葛平金曲】循环（完整版）","https://www.bilibili.com/video/BV1Ux411c74Z/"
"weather","360°全方向欣赏刻晴礼服，霓裾翩跹，能看到事业线了！","https://www.bilibili.com/video/BV14H4y1r7UF/"
"weather","360°全方位欣赏克拉拉，猩红兔子不穿鞋，被冻得好红啊！","https://www.bilibili.com/video/BV1Uz4y15772/"
"weather","360°全方位欣赏“黑塔”，可爱的人偶小姐，你们喜欢吗？","https://www.bilibili.com/video/BV1Bi4y1z7Wj/"
"weather","《开局6+5》","https://www.bilibili.com/video/BV1kaH9eTEBs/"
"weather","2024高联，个人妙解","https://www.bilibili.com/video/BV1uHpjeVEGc/"
"weather","【崩铁开荒01】奔五大叔带着闺女来阅读“崩铁”了，咱们的星穹列车就要启程了~","https://www.bilibili.com/video/BV1ChpjeKE62/"
"weather","每天2分钟，彻底告别拖延症！The 2 Minutes Rule 【加文推荐】","https://www.bilibili.com/video/BV1phpqeoEws/"
"weather","《小丑》高潮片段经典对白：“How about another joke，Murray?”","https://www.bilibili.com/video/BV157411N7c9/"
"weather","室友表白失败，一晚上沙了300多次苇名一心，望周知","https://www.bilibili.com/video/BV1JNVbegE2F/"
"weather","在上海如何不摆渡并且合法地骑车过黄浦江","https://www.bilibili.com/video/BV1NYewefEaw/"
"weather","用动漫的方式解析同声传译的大脑是怎么运转的？","https://www.bilibili.com/video/BV16PHveCEF3/"
"weather","游戏宅男如何度过自己精致自律充实的一天，将出租房变成专属电竞房，虽简陋但包含了全部的生活与热爱","https://www.bilibili.com/video/BV1T54y1K7gD/"
"weather","中式教育败方MVP结算画面","https://www.bilibili.com/video/BV1MMWUeKEAk/"
"weather","一位家长眼中的原神","https://www.bilibili.com/video/BV14DWUeiEJJ/"
"weather","“当课本照进现实的那一刻，教育实现了它的闭环～”","https://www.bilibili.com/video/BV1Bz421i7nD/"
"weather","2分钟看完你的周末","https://www.bilibili.com/video/BV1cG4y1T7NX/"
"weather","《如果》","https://www.bilibili.com/video/BV1sy4y187Vu/"
"weather","对话何同学：我是一块情绪的海绵","https://www.bilibili.com/video/BV1WH4y1c7GP/"
"weather","搞不懂这些年轻人怎么老沉浸在游戏角色里","https://www.bilibili.com/video/BV1Wt421H7Y6/"
"weather","送给高考后的你【超超】","https://www.bilibili.com/video/BV17K411J71V/"
"weather","【中秋特辑】前半段可能致郁，慎入","https://www.bilibili.com/video/BV17g411c7LQ/"
"weather","当我用One last kiss剪了一支毕业短片...","https://www.bilibili.com/video/BV1JE421A7BC/"
"weather","陈子豪：自己动手，打造属于自己的电竞房！","https://www.bilibili.com/video/BV1gS421d7CL/"
"weather","【木鱼微剧场】《请回答1988》最好的韩剧，刷N遍依然感动（P1）","https://www.bilibili.com/video/BV1V7411H7gm/"
"weather","【镜音kigurumi】我毕业啦！在大工的最后篇章！","https://www.bilibili.com/video/BV1ym421V7cp/"
"weather","辍学老哥，从网管到期货交易员，30岁身价1000万后陷入巨大的虚无境地","https://www.bilibili.com/video/BV1Hf421B7zT/"
"weather","34岁程序员带全家离开北京","https://www.bilibili.com/video/BV191421r72t/"
"weather","普通高中生的二次元死宅卧室","https://www.bilibili.com/video/BV1UU4y1n7sa/"
"weather","论《洁白无瑕的家一点点被我填满，逐渐充满死宅の气息》这件事","https://www.bilibili.com/video/BV1eL411b7RH/"
"weather","【正因时光美好，才显如此短暂】00年大专生的独居生活","https://www.bilibili.com/video/BV18T421D7Jd/"
"weather","【全英VLOG】""我终于在北极 看极光与鲸鱼""","https://www.bilibili.com/video/BV17L411a7DS/"
"weather","游戏宅日常｜00年打工人的出租屋独居周末","https://www.bilibili.com/video/BV1Qi42127SL/"
"weather","打螺丝一年成功建成自己的电竞房","https://www.bilibili.com/video/BV1Ng4y1W7DV/"
"weather","00后大专生毕业两年后的工作日常，对生活不再迷茫，下班后在出租屋的游戏时光","https://www.bilibili.com/video/BV1TP411b7AA/"
"weather","我的养老生活","https://www.bilibili.com/video/BV1oN41137kx/"
"weather","25岁终于有了15岁想要的东西，但是…","https://www.bilibili.com/video/BV1ym4y1W7zX/"
"weather","Nova力量哥Vs哥谭第一小丑","https://www.bilibili.com/video/BV1qm4y1V7SC/"
"weather","［小V］亚服排位赛大师 THE END","https://www.bilibili.com/video/BV1Kq421P7uU/"
"weather","【粉丝答疑1】流浪者还会再打比赛吗？丨荒野乱斗","https://www.bilibili.com/video/BV1jJ4m1V7Bu/"
"weather","这短短的5分20秒，是我对胡桃的爱","https://www.bilibili.com/video/BV18P411h73B/"
"weather","你好，这是我思考1000次的答案。","https://www.bilibili.com/video/BV1SC411H7nR/"
"weather","【皮蛋粥】听，是生活的声音！28平的出租屋里，如何拍摄生活方式Vlog?","https://www.bilibili.com/video/BV1KZ4y1u7eK/"
"weather","年度科幻片，温柔妈咪帮大三儿子肝原神，直播间瞬间变成认亲现场集体柠檬精","https://www.bilibili.com/video/BV1ri4y1v73K/"
"weather","60级老顽童，不走寻常路，快乐贯穿一生，真正的玩家","https://www.bilibili.com/video/BV1Lo4y1w7PN/"
"retro","【南开大学23C++】doodlejump SpongeBob!-＞爷童回！！！","https://www.bilibili.com/video/BV1rT411h7C3/"
"retro","【张诗尧】青海摇原版视频","https://www.bilibili.com/video/BV17G4y1U7jh/"
"retro","【4K高清修复&音源升级】God Knows...","https://www.bilibili.com/video/BV16i4y1j7aX/"
"retro","【1080P/BDRip】幸运星 【华盟字幕组】","https://www.bilibili.com/video/BV1ss411D7gG/"
"retro","【湊あくあ/我回来了】▼梦幻的湊阿库娅复活直播！【欢迎回来】【剪辑】","https://www.bilibili.com/video/BV1bE411t7Ds/"
"retro","《数理化自学丛书》1963年出版，共17册，在中国出版界和教育界具有重要影响力的一部数理化专业中等教育自学丛书","https://www.bilibili.com/video/BV17h4y167D4/"
"retro","阿夸三年前的op","https://www.bilibili.com/video/BV183aSehED3/"
"retro","当我等了十年解锁了iPhone4s","https://www.bilibili.com/video/BV1WVtDe5E2N/"
"retro","塔菲对姐姐的前同事凑阿库娅毕业感到震惊","https://www.bilibili.com/video/BV1AdaCeTEZx/"
"retro","【阿夸放送事故】关于直播忘关麦而暴露出阿夸是叛逆少女这档事（熟肉）","https://www.bilibili.com/video/BV17Z4y1R7fC/"
"retro","【自制全熟肉】湊あくあ毕业直播","https://www.bilibili.com/video/BV1S2s3eqEB3/"
"retro","上海女高中生高考完的第一天vlog","https://www.bilibili.com/video/BV1ce4y1R7tn/"
"retro","【百合神曲】magnet【初音ミク.巡音ルカ】字幕内嵌","https://www.bilibili.com/video/BV1xx411c7UF/"
"retro","《原神》剧情PV-「轻涟」","https://www.bilibili.com/video/BV1Jg4y197YW/"
"retro","【只狼·BOSS战】龙胤忍者湊阿夸【剑圣一心】","https://www.bilibili.com/video/BV1Fb411x7Sg/"
"retro","【自己介绍】初次见面、我是凑阿库娅！","https://www.bilibili.com/video/BV1Qt411C73m/"
"retro","一则快速奇特的iPhone16介绍（60S）","https://www.bilibili.com/video/BV1gvtWeLEFZ/"
"retro","【何同学】它不是电脑。M4 iPad Pro深度体验","https://www.bilibili.com/video/BV1cx4y1W7ea/"
"retro","【何同学】这个按钮不重要。iPhone 16 Pro深度体验","https://www.bilibili.com/video/BV1zWtjezEAL/"
"retro","在中国铁路再次上演《你的名字》名场面","https://www.bilibili.com/video/BV1CF4m1F7k7/"
"retro","【4K】我用十年积蓄，拍了独属于我的One Last Kiss","https://www.bilibili.com/video/BV1pX4be5EJ3/"
"retro","含痞量极高 庵野秀明风格拍摄剪辑 EVA主题曲 宇多田光 One last kiss","https://www.bilibili.com/video/BV18Z4y1C7Eu/"
"retro","在东京，我拍出来了独属于我的《One Last Kiss》","https://www.bilibili.com/video/BV1AwYuegE5L/"
"retro","学 霸 的 讨 论","https://www.bilibili.com/video/BV1N44y127zC/"
"retro","十款真无线耳机横评，哪个值得买？","https://www.bilibili.com/video/BV187411G7fq/"
"retro","它被时代抛弃，可我不服气。","https://www.bilibili.com/video/BV1ca411L75D/"
"retro","100首肖邦最著名的作品","https://www.bilibili.com/video/BV1ys411k74h/"
"retro","这个9.9的耳机，让无数人听了后流泪。","https://www.bilibili.com/video/BV1rr4y1874n/"
"retro","【公务员考试】判断推理《行测》系统课（全国通用）丨 零基础考公基础学习网课丨行测+申论合集精讲丨国考、省考通用丨考公知识点、技巧讲解","https://www.bilibili.com/video/BV1PK4be2E9c/"
"retro","中国讽刺工作歌曲【下班歌】","https://www.bilibili.com/video/BV1jevaeYEzj/"
"retro","崩坏3和星穹铁道联动？我没睡醒吧？","https://www.bilibili.com/video/BV1YCtuekE4J/"
"retro","对不起，好像我来的不是时候，不，你来得正是时候","https://www.bilibili.com/video/BV1H4411A787/"
"retro","机械时代的诅咒？为什么我国的作业册越来越丑？","https://www.bilibili.com/video/BV1r1421o7of/"
"retro","穹妹爆火？原画消失10年？春日野穹是谁画的？将“肉感”与“萌系”完美结合的画师！他去哪了？【一口气了解桥本隆】","https://www.bilibili.com/video/BV19Q4y1t7FE/"
"retro","米哈游游戏进化史（2011-2023）","https://www.bilibili.com/video/BV13M4y1H79N/"
"retro","【何同学】你再也回不到19岁的夏天了...","https://www.bilibili.com/video/BV15b42177rL/"
"retro","【何同学】永远是同学","https://www.bilibili.com/video/BV1764y167Lp/"
"retro","死亡10912次 我1级通关了整个艾尔登法环","https://www.bilibili.com/video/BV15b421n7AX/"
"retro","【穹妹 生日快乐!】2013.2.5 春日野穹庆生典","https://www.bilibili.com/video/BV1Nx411c79Y/"
"retro","2017.02.05 春日野穹庆生典","https://www.bilibili.com/video/BV1nx41117YK/"
"retro","【4K60FPS】老鹰乐队Eagles《加州旅馆》神级现场！人生一定要看的现场！","https://www.bilibili.com/video/BV15f4y1p7Gq/"
"retro","你的小学课本，远比你想象的贴心。","https://www.bilibili.com/video/BV1LR4y1n7xh/"
"retro","关于开箱的一种感觉","https://www.bilibili.com/video/BV1KJ411r7qn/"
"retro","100天后就要删除的世界","https://www.bilibili.com/video/BV1Fx4y197wp/"
"retro","【EVA】感谢你曾来过我的世界:│▌ One Last Kiss","https://www.bilibili.com/video/BV1254y187SE/"
"retro","【原神动画】妮露的塑料爱情90年代MV","https://www.bilibili.com/video/BV16G411U77B/"
"retro","【何同学】天生骄傲的锤子T1 为什么必然失败？","https://www.bilibili.com/video/BV1jW411F7NP/"
"retro","千恋＊万花OP动画","https://www.bilibili.com/video/BV1L4421S7Kr/"
"retro","点进来看原神狂掉一千九百多万粉","https://www.bilibili.com/video/BV1SSeUeYEGL/"
"retro","【崩坏学园2】两周年bilibili特别直播","https://www.bilibili.com/video/BV1gs411X7zi/"
"retro","【FlyMe2theMoon】宣传片","https://www.bilibili.com/video/BV1cx411w7pe/"
"retro","【考古】试玩米哈游的第一款游戏，FlyMe2TheMoon","https://www.bilibili.com/video/BV15F41137jk/"
"retro","米哈游全游戏满级纪念，这辈子有了","https://www.bilibili.com/video/BV1Mc411Z7b3/"
"retro","10年前的二次元老登，却是米哈游最激进的游戏","https://www.bilibili.com/video/BV11x4y1e7uB/"
"retro","该视频已失效","https://www.bilibili.com/video/BV1jz421R7V2/"
"retro","从中学玩到大学毕业的《我的世界》存档【超超】","https://www.bilibili.com/video/BV1Q7411h7Pf/"
"retro","【初代iPhone】苹果你看好了 这才叫iPhone","https://www.bilibili.com/video/BV1kp4y1e7G5/"
"retro","【坚果R2】2020年最异类的国产手机","https://www.bilibili.com/video/BV1yr4y1w7nF/"
"retro","【真·初代安卓】我找到了安卓传说中的隐藏版本...","https://www.bilibili.com/video/BV13U4y1Z7ws/"
"retro","【初代Kindle】你以为的泡面盖，居然是当年的最强黑科技","https://www.bilibili.com/video/BV1Zf421B7QF/"
"retro","全网首曝！米哈游新作《原神》游戏内容抢先曝光！","https://www.bilibili.com/video/BV13441137qo/"
"retro","装台顶配电脑：送给我8岁零240月的童年","https://www.bilibili.com/video/BV1Wv421i7aA/"
"retro","非著名网黑林欢欢又回来啦～","https://www.bilibili.com/video/BV1NY411x7bn/"
"retro","10年前的毕业作品。不是整理文件都忘记了，原来以前也会点3D软件，可惜啊一丢就是10年了，完全忘记了","https://www.bilibili.com/video/BV1Bb421i7ER/"
"retro","你还记得小时候的App Store吗？","https://www.bilibili.com/video/BV11u4m1T7px/"
"retro","花7分钟告别2022","https://www.bilibili.com/video/BV1SK411r7mW/"
"retro","关于锤子的记忆，锤子科技前员工自述","https://www.bilibili.com/video/BV1pz4y1S7yA/"
"retro","2019洛谷绘版延时动画","https://www.bilibili.com/video/BV1rt411B7DD/"
"retro","七年多前 我就是这样开启了旅途","https://www.bilibili.com/video/BV1vN411b7Fs/"
"retro","倒计时开始，我有24小时找回快乐。","https://www.bilibili.com/video/BV1C5411M71n/"
"retro","（暂退作）这一局，诠释我8000场的博士","https://www.bilibili.com/video/BV1hH4y1E7fC/"
"retro","【皮蛋粥】iPad的一年，我的十年","https://www.bilibili.com/video/BV1na4y1L7tr/"
"retro","断更一年，牧童去做什么了？","https://www.bilibili.com/video/BV1YT41137Zw/"
"retro","iPhone4S 首发评测视频！","https://www.bilibili.com/video/BV14M4y1i7iC/"
"story","【南开大学 24C++】我 真 幸 运","https://www.bilibili.com/video/BV1kz421m7RQ/"
"story","南开大学21级C++大作业","https://www.bilibili.com/video/BV1sZ4y1h7Ni/"
"story","【南开大学23C++】doodlejump SpongeBob!-＞爷童回！！！","https://www.bilibili.com/video/BV1rT411h7C3/"
"story","【南开大学23c++】小草神跑酷","https://www.bilibili.com/video/BV1xo4y1c7ZL/"
"story","[南开大学23C++]biu~biu~biu(2D矢量射击游戏)","https://www.bilibili.com/video/BV1Uc411P7bQ/"
"story","[南开大学 23C++] 抛瓦人","https://www.bilibili.com/video/BV1cg4y1g7hE/"
"story","【南开大学 23C++】关于我肝了个原神新活动这件事","https://www.bilibili.com/video/BV1Th411w77A/"
"story","2017年的一个视频决定了我的命运","https://www.bilibili.com/video/BV16u4y1U7Zi/"
"story","《数理化自学丛书》1963年出版，共17册，在中国出版界和教育界具有重要影响力的一部数理化专业中等教育自学丛书","https://www.bilibili.com/video/BV17h4y167D4/"
"story","如何用数学理解一个数独？","https://www.bilibili.com/video/BV1QrpheREh4/"
"story","Windows 本地音乐播放器 Coriander Player 大更新！带来强大的格式支持、全新的正在播放界面、桌面歌词以及诸多优化！","https://www.bilibili.com/video/BV1wGiFepE1G/"
"story","如 何 优 雅 地 不 背 单 词","https://www.bilibili.com/video/BV1oT411K7tC/"
"story","【不背单词】十周年纪念片","https://www.bilibili.com/video/BV12H4y1n7rh/"
"story","基本不等式学懵了？40mins学会做题！","https://www.bilibili.com/video/BV1yXbFeBE13/"
"story","30岁硕士攒100w吃息退休实践，新年开门红200w不是梦","https://www.bilibili.com/video/BV1fT411X7PD/"
"story","【ACM】 jls和dls教你计算几何 wannafly 2019 算法冬令营 by杜瑜皓 吉如一 ACM ICPC  录播","https://www.bilibili.com/video/BV1Bt411j7bs/"
"story","【ACM】 数论  wannafly 2019 算法冬令营 ACM ICPC tls jls授课 录播","https://www.bilibili.com/video/BV1ft411n7Fe/"
"story","信息学竞赛 (OI) 究竟发生了什么？","https://www.bilibili.com/video/BV1di421f7L5/"
"story","特效？未来规划？我们回答了一些评论区的问题…","https://www.bilibili.com/video/BV1Xz4y1M7qk/"
"story","【何同学】如何在B站学习做视频？  (P2附Pr零基础剪辑教程）","https://www.bilibili.com/video/BV1EW411R77n/"
"story","【何同学】这个按钮不重要。iPhone 16 Pro深度体验","https://www.bilibili.com/video/BV1zWtjezEAL/"
"story","【何同学】你再也回不到19岁的夏天了...","https://www.bilibili.com/video/BV15b42177rL/"
"story","高考趋势？思辨回归！哲理类？关系类！作文构思【学过石油的语文老师】","https://www.bilibili.com/video/BV1zY411w7E5/"
"story","作文？精准切题！快速？得出立意！【语文大合集43】","https://www.bilibili.com/video/BV1CM4m1D7DE/"
"story","英国生活三个月总结-工作职场和家庭","https://www.bilibili.com/video/BV1vPteejEVZ/"
"story","16位UP今年最贵买了啥？几十万的东西竟然还能有赚？","https://www.bilibili.com/video/BV1ec411b7AG/"
"story","【MX-X4】梦熊 X 组 · 满月赛 & Jason Round 1","https://www.bilibili.com/video/BV1ZntxehEz7/"
"story","新版chatGPT秒杀最新的leetcode周赛","https://www.bilibili.com/video/BV1MYtgeuEAF/"
"story","古老的数论猜想，迷人的完全数","https://www.bilibili.com/video/BV1S14y1v7n1/"
"story","学 霸 的 讨 论","https://www.bilibili.com/video/BV1N44y127zC/"
"story","杰哥十三年前教书的视频(画面满满年代感)","https://www.bilibili.com/video/BV1C24y1d7wN/"
"story","学霸哥哥拼命备课，只为救你一命！|奥数国一保送生的初中高中学习之道","https://www.bilibili.com/video/BV1cC4y1W7X3/"
"story","小小VLOG，一数做视频的一天！","https://www.bilibili.com/video/BV1bj41137Lh/"
"story","向阳而行，28岁的最后一天！","https://www.bilibili.com/video/BV1ZT411N7mn/"
"story","2024高考作文！人工智能和互联网？答案与问题！新课标Ⅰ卷？【学过石油的语文老师】","https://www.bilibili.com/video/BV1zt42esEtM/"
"story","新定义首秀！2024新高考一卷数学咋考的？","https://www.bilibili.com/video/BV1Cf421X72P/"
"story","乡镇中学到浙大，小姚老师的逆袭心得！","https://www.bilibili.com/video/BV1WP4y167Gn/"
"story","分享一下准备送往艺术展的折纸，设计入门推荐","https://www.bilibili.com/video/BV1L8411z7BK/"
"story","丁真新曲《丁花瓷》，最有文化的一集","https://www.bilibili.com/video/BV1p1421t7ky/"
"story","沉迷游戏的手工UP，一年都做了啥？","https://www.bilibili.com/video/BV1cg4y1C76C/"
"story","3个月涨粉100W，我的秘诀是？","https://www.bilibili.com/video/BV15Q4y1p7Dv/"
"story","【折纸】努力13小时，我有了自己的“老婆”！","https://www.bilibili.com/video/BV1Ei4y1U7TL/"
"story","盘点：一周年来不允许你没看过我画的这张星铁图！","https://www.bilibili.com/video/BV1sz421r7cB/"
"story","从五年级到高四，六分钟看完近十年的绘画成长史","https://www.bilibili.com/video/BV1ER4y1m7Yr/"
"story","其实我们都是这个世界的普通npc","https://www.bilibili.com/video/BV1eJ4m1E7dC/"
"story","粘连科技归档合集","https://www.bilibili.com/video/BV1LK421C7Q8/"
"story","UP主的夏天 EP.6（完）","https://www.bilibili.com/video/BV1xT4y1P7p8/"
"story","[开源项目] 正在 开往 下一个世界……","https://www.bilibili.com/video/BV17T4y1t7bD/"
"story","终于轮到我当老师了！！！","https://www.bilibili.com/video/BV1n1pneVEyx/"
"story","【官方双语】我们的视频为什么被YouTube下架了(赞助)#linus谈科技","https://www.bilibili.com/video/BV1zp4YenEKT/"
"story","【折纸】12年前的我vs现在的我","https://www.bilibili.com/video/BV1yP411V7az/"
"story","那维莱特教你如何用英文表达中文长难句｜国家一级口译 China Daily 官方精读老师分享实用表达| 原神精读Ep. 1","https://www.bilibili.com/video/BV1Vm411z7H9/"
"story","Tiny RDM | 一款开源的高颜值Redis桌面客户端 | Redis开发运维必备神器","https://www.bilibili.com/video/BV14C411H7fx/"
"story","10年后，900万了","https://www.bilibili.com/video/BV1jT42167Xb/"
"story","2023强基计划第一讲   高质量且无偿！","https://www.bilibili.com/video/BV1N24y1j7TM/"
"story","九年级物理（人教版）看这个合集就够了【1】初中物理 比热容 热机 电路图 实物图 滑动变阻器 欧姆定律计算 电功率 磁 电动机 发电机","https://www.bilibili.com/video/BV1BL4y1w761/"
"story","初三生半年居然在B站获得了30万粉丝？（含读评论）","https://www.bilibili.com/video/BV1za4y1M7Jq/"
"story","原神攻略UP主：这么肝，值得吗？","https://www.bilibili.com/video/BV1Wd4y1k756/"
"story","一只猫和一只老鼠，为什么能火80年？","https://www.bilibili.com/video/BV1CW421X7pt/"
"story","被github的创始人打赏了","https://www.bilibili.com/video/BV1hJgQe7EjA/"
"story","我们造出了“AI写作业机器人”！","https://www.bilibili.com/video/BV19f421e7Wn/"
"story","《原神·提瓦特篇》主线章节预告PV-「足迹」","https://www.bilibili.com/video/BV1At4y1q7UQ/"
"story","《Hello算法》：一本数据结构与算法书的开源之旅","https://www.bilibili.com/video/BV1QH4y157uC/"
"story","🔥全网首发，我还原了绳网🔥","https://www.bilibili.com/video/BV1n5YsejE8o/"
"story","100万粉奖牌开箱+高考许愿墙+新书《阿不高中数学同步刷》发布！【阿不】","https://www.bilibili.com/video/BV1JE4m1d7KB/"
"story","【何同学】有多快？5G在日常使用中的真实体验","https://www.bilibili.com/video/BV1f4411M7QC/"
"story","对话何同学：我是一块情绪的海绵","https://www.bilibili.com/video/BV1WH4y1c7GP/"
"story","追求理想?不顾一切？家里有矿？是的，我摊牌了","https://www.bilibili.com/video/BV1UA411p7rW/"
"story","【何同学】收入？装备？未来规划？在校十万粉UP的真实情况","https://www.bilibili.com/video/BV19b411S78N/"
"story","开源世界的独行侠，超级程序员的完美画像 — Fabrice Bellard | Open Source Prism","https://www.bilibili.com/video/BV1Uf421D7pS/"
"story","两个人一起制作的 galgame（展出）/自我介绍【零度禁区】","https://www.bilibili.com/video/BV1qy411q7mr/"
"story","30-课程总结 (从逻辑门到计算机系统：我们学了个啥？) [南京大学2024操作系统]","https://www.bilibili.com/video/BV1Dn4y1Q7oL/"
"story","“记录的意义，历久弥新”|教书琐记频道十万粉丝总结视频","https://www.bilibili.com/video/BV18h4y1d7qb/"
"story","嗯","https://www.bilibili.com/video/BV1i142197Bp/"
"story","自由职业程序员生存现状：一个人居家办公还需要摸鱼吗？","https://www.bilibili.com/video/BV1TZ42147GR/"
"story","【力量哥】“你眼前划过的是整个CR中唯一创造的奇迹”","https://www.bilibili.com/video/BV1pb421q7Qf/"
"story","零到十万粉，我用了三年","https://www.bilibili.com/video/BV12i4y1B7oR/"
"story","高考失利，我的逆袭","https://www.bilibili.com/video/BV1gG411Y7Qr/"
"story","小谷数学课两周年啦！期待和大家的下一个两年……","https://www.bilibili.com/video/BV1vb421v7Cq/"
"story","1月22日见！Lyricify 4正式宣布发布日期！","https://www.bilibili.com/video/BV1Z14y1g7nS/"
"story","我作为独立开发者一年赚了多少钱? 一年独立开发来我的收获，转变和建议。","https://www.bilibili.com/video/BV1eD4y1S7wS/"
"story","【进度报告】从零开始，一年，纯手写 Galgame 论坛","https://www.bilibili.com/video/BV1G8411X726/"
"story","20天，从0到8万粉丝，我收获了什么？","https://www.bilibili.com/video/BV1Sh411n7WW/"
"story","如果你打算在数码区发一些视频","https://www.bilibili.com/video/BV1zg4y1t75D/"
"story","我的“转弯”故事 — Heymay 特别视频","https://www.bilibili.com/video/BV13X4y1V7bS/"
"story","土法动画制作指南","https://www.bilibili.com/video/BV1qA411e731/"
"story","【2023】一个百大UP主的创业故事（2）","https://www.bilibili.com/video/BV17u411E7UK/"
"story","一个百大UP主的创业故事","https://www.bilibili.com/video/BV1Bb4y1R7WQ/"
"story","3年时间从学生到百大我经历了什么?丨我的创业故事","https://www.bilibili.com/video/BV1bj411B7xe/"
"story","设计师UP的几句心声 - oooooohmygosh","https://www.bilibili.com/video/BV11A411G78H/"
"school","【南开大学 24C++】我 真 幸 运","https://www.bilibili.com/video/BV1kz421m7RQ/"
"school","【南开大学 23C++】关于我肝了个原神新活动这件事","https://www.bilibili.com/video/BV1Th411w77A/"
"school","[南开大学 23C++] 抛瓦人","https://www.bilibili.com/video/BV1cg4y1g7hE/"
"school","[南开大学23C++]biu~biu~biu(2D矢量射击游戏)","https://www.bilibili.com/video/BV1Uc411P7bQ/"
"school","【南开大学23c++】小草神跑酷","https://www.bilibili.com/video/BV1xo4y1c7ZL/"
"school","【南开大学23C++】doodlejump SpongeBob!-＞爷童回！！！","https://www.bilibili.com/video/BV1rT411h7C3/"
"school","南开大学21级C++大作业","https://www.bilibili.com/video/BV1sZ4y1h7Ni/"
"school","【南开大学23C++】最后的坤坤","https://www.bilibili.com/video/BV1Ds4y1X756/"
"school","【南开大学23C++】抑烟丁真，需要10w播放，球球jrm了","https://www.bilibili.com/video/BV16m4y1b77P/"
"school","[南开大学 23C++]混乱大枪战","https://www.bilibili.com/video/BV1ra4y1g78n/"
"school","［南开大学23c++］大一学生卷不过周围同学，悲痛欲绝（），一气之下把坤坤和马保国做成了游戏","https://www.bilibili.com/video/BV1zh41177zH/"
"school","差点把德芙吐出来","https://www.bilibili.com/video/BV1wD42137i6/"
"school","上海女高中生高考完的第一天vlog","https://www.bilibili.com/video/BV1ce4y1R7tn/"
"school","基本不等式学懵了？40mins学会做题！","https://www.bilibili.com/video/BV1yXbFeBE13/"
"school","【ACM】 数论  wannafly 2019 算法冬令营 ACM ICPC tls jls授课 录播","https://www.bilibili.com/video/BV1ft411n7Fe/"
"school","【ACM】 jls和dls教你计算几何 wannafly 2019 算法冬令营 by杜瑜皓 吉如一 ACM ICPC  录播","https://www.bilibili.com/video/BV1Bt411j7bs/"
"school","古老的数论猜想，迷人的完全数","https://www.bilibili.com/video/BV1S14y1v7n1/"
"school","《开学后遗症》","https://www.bilibili.com/video/BV18g4UeyEpy/"
"school","考察绝对值和放缩的导函数大题，你见过吗？","https://www.bilibili.com/video/BV1hZ4rebEtc/"
"school","终于轮到我当老师了！！！","https://www.bilibili.com/video/BV1n1pneVEyx/"
"school","黑神话悟空一周目体验 feat  尤雨溪","https://www.bilibili.com/video/BV1cJsueEENT/"
"school","经典几何题，一题多解","https://www.bilibili.com/video/BV1or421K7UN/"
"school","【比春晚好看】高中生原创数学相声《我爱数学》，不好笑不要赞","https://www.bilibili.com/video/BV1a2421c71m/"
"school","用动漫的方式解析同声传译的大脑是怎么运转的？","https://www.bilibili.com/video/BV16PHveCEF3/"
"school","上高二前，先梳理一遍会用到的高一技巧！","https://www.bilibili.com/video/BV1W4421f79Q/"
"school","我想学好数学，高一怎么做？","https://www.bilibili.com/video/BV1Vi421r7hY/"
"school","陷阱题！为什么不要去算这道钓鱼题？","https://www.bilibili.com/video/BV1Gw4m1r7ot/"
"school","洛谷视频题解 - 语言入门部分","https://www.bilibili.com/video/BV1ew411Z76w/"
"school","中式教育败方MVP结算画面","https://www.bilibili.com/video/BV1MMWUeKEAk/"
"school","高中学习看这个就够了！「一系列」全科账号学习指南！","https://www.bilibili.com/video/BV1L142187QT/"
"school","【高中函数第一课】为何用f(x)取代初中的y？","https://www.bilibili.com/video/BV12T42167vM/"
"school","为什么英语老师从来没有纠正我这些最明显的问题呢？","https://www.bilibili.com/video/BV1gS421973f/"
"school","上一个看这个的高中生已经疯了","https://www.bilibili.com/video/BV1N2421N7xg/"
"school","最难初一数学试卷，普通学生的噩梦，竞赛生的福音！","https://www.bilibili.com/video/BV1fU4y1o7Re/"
"school","零分满分一线隔！江苏大神考场痛批应试教育！你敢写吗？","https://www.bilibili.com/video/BV1uY411j771/"
"school","[证毕QED]平方差公式的高端应用","https://www.bilibili.com/video/BV1x3411i7RM/"
"school","【漫士科普】为什么1/89的小数部分藏着斐波那契数列？","https://www.bilibili.com/video/BV1Lr421F7Ku/"
"school","【宇哥】考研人拒绝“一道积分算一天”","https://www.bilibili.com/video/BV1AT411w7Z7/"
"school","【宇哥】著名的考研公式-泰勒公式","https://www.bilibili.com/video/BV1GY411n7b4/"
"school","该吃吃该喝喝 啥事别忘心里搁，高考加油","https://www.bilibili.com/video/BV1pb421e7bs/"
"school","阿蕾奇诺教你说英文如何更有逼格｜国家一级口译 China Daily官方精读老师分享实用表达| 原神精读Ep. 3","https://www.bilibili.com/video/BV17f421S7XL/"
"school","中文为什么是一种没有主语的语言？｜枫原万叶教你翻译古诗词｜CATTI一级口译 China Daily 官方精读老师干货分享｜原神精读计划Ep. 2","https://www.bilibili.com/video/BV1Tx421m7bi/"
"school","高中物理全部公式总结复习","https://www.bilibili.com/video/BV157421R7GJ/"
"school","这3分钟，我用了12年才学明白","https://www.bilibili.com/video/BV1Ku411n7d9/"
"school","信息学竞赛 (OI) 究竟发生了什么？","https://www.bilibili.com/video/BV1di421f7L5/"
"school","矿爷唱浙江大学校歌(MOOC)","https://www.bilibili.com/video/BV1WJ411b7Hs/"
"school","苏德矿老师韩剧老懂哥了","https://www.bilibili.com/video/BV1F7411G7CZ/"
"school","苏德矿老师最后一节课献唱两首歌","https://www.bilibili.com/video/BV13b411x77L/"
"school","[证毕QED]二倍角公式高端应用","https://www.bilibili.com/video/BV1fQ4y1C7cy/"
"school","为什么传统几何依赖辅助线？","https://www.bilibili.com/video/BV1zV411R7SR/"
"art","猫雷能不能不要再去当陪酒女了，喵喵露养你","https://www.bilibili.com/video/BV19Z4y1o7KA/"
"art","【猫雷】我回来了","https://www.bilibili.com/video/BV1n44y1w76j/"
"art","“我，因玩原神，被依法判处死刑。”","https://www.bilibili.com/video/BV1HN4y1C7Ep/"
"art","【张诗尧】青海摇原版视频","https://www.bilibili.com/video/BV17G4y1U7jh/"
"art","【1080P/BDRip】幸运星 【华盟字幕组】","https://www.bilibili.com/video/BV1ss411D7gG/"
"art","【湊あくあ/我回来了】▼梦幻的湊阿库娅复活直播！【欢迎回来】【剪辑】","https://www.bilibili.com/video/BV1bE411t7Ds/"
"art","大家好，我是はむメロン，很高兴能来到bilibili与大家一起交流","https://www.bilibili.com/video/BV1eubceoEUL/"
"art","“俺は東京レ、東京洛陽レ”日语填词《5:20AM》（完整版）/AI東 雪蓮","https://www.bilibili.com/video/BV1S1421d74g/"
"art","《原神》剧情PV-「轻涟」","https://www.bilibili.com/video/BV1Jg4y197YW/"
"art","【湊あくあ×犬山たまき】magnet【唱了首歌】","https://www.bilibili.com/video/BV1St411z7bu/"
"art","一则快速奇特的iPhone16介绍（60S）","https://www.bilibili.com/video/BV1gvtWeLEFZ/"
"art","《终点只在心中》，黑塔，手书动画","https://www.bilibili.com/video/BV1j14y1B7eE/"
"art","【绘制流程 | 崩铁 |黑塔】我已经够完美了，还有什么事要做？","https://www.bilibili.com/video/BV1AW421d7ua/"
"art","黑神话四年期待后 我的通关感慨","https://www.bilibili.com/video/BV1oTWfe1Ed2/"
"art","四位数的稿件长什么样？","https://www.bilibili.com/video/BV1VW42197cL/"
"art","大家好，我是晚雾nighmist，我正式入驻B站啦！","https://www.bilibili.com/video/BV1avvDeyEYx/"
"art","【PS教程】次元 Level UP！将喜欢的角色带入你的生活","https://www.bilibili.com/video/BV1nQvGeJEsS/"
"art","《躲子弹是你的谎言》","https://www.bilibili.com/video/BV1Bi421h76W/"
"art","随便画的小女孩从纸上跑出来了……？🤔【纸绘/逐帧动画/手书】","https://www.bilibili.com/video/BV1bW42197uo/"
"art","【流浪者】第一届画师杯8强作品丨荒野乱斗","https://www.bilibili.com/video/BV1RH4y1w71j/"
"art","《崩坏：星穹铁道》三月七 1/7比例手办展示","https://www.bilibili.com/video/BV1BH4y1w7bW/"
"art","当我用One last kiss剪了一支毕业短片...","https://www.bilibili.com/video/BV1JE421A7BC/"
"art","”崩 铁 狂 笑 四 杰“","https://www.bilibili.com/video/BV1ZJ4m1a7A5/"
"art","《崩坏：星穹铁道》星旅一瞬：「花火把戏」","https://www.bilibili.com/video/BV1b1421f7jn/"
"art","室友表白失败，一晚上沙了300多次苇名一心，望周知","https://www.bilibili.com/video/BV1JNVbegE2F/"
"art","朋友说我的调色像魔法","https://www.bilibili.com/video/BV1cm421L7GY/"
"art","只有30mb的超有趣解谜游戏！！【动物井】","https://www.bilibili.com/video/BV1Gx4y1H7Ti/"
"art","看懂米哈游的影视语言 | 拉片黄泉PV《你的颜色》","https://www.bilibili.com/video/BV1fw4m1y7Mz/"
"art","【ATDAN】甘雨绘画过程【板绘】","https://www.bilibili.com/video/BV1bh411C7cj/"
"art","翻翻这两个星期整的","https://www.bilibili.com/video/BV1y3411k71b/"
"art","【原神】至 此 - 已 成 艺 术 - 全角色轻简速写杂志风","https://www.bilibili.com/video/BV1bt421A7DL/"
"art","如何在纸上逗猫【小动画练习16】","https://www.bilibili.com/video/BV1VJ4m1W7ad/"
"art","我那些被人当成AI生成的摄影作品……献丑了","https://www.bilibili.com/video/BV1SJ4m1p7H1/"
"art","【电影美学01】在你看到海报的那一刻，电影就已经开始了","https://www.bilibili.com/video/BV1vW421P7sB/"
"art","穹妹爆火？原画消失10年？春日野穹是谁画的？将“肉感”与“萌系”完美结合的画师！他去哪了？【一口气了解桥本隆】","https://www.bilibili.com/video/BV19Q4y1t7FE/"
"art","特效","https://www.bilibili.com/video/BV1hL41167na/"
"art","【手绘逐帧meme】一键三连变成女孩子有多可爱！❤️","https://www.bilibili.com/video/BV1TK421Y78b/"
"animation","“我，因玩原神，被依法判处死刑。”","https://www.bilibili.com/video/BV1HN4y1C7Ep/"
"animation","给你那么多暗❤示，为什么你还是？？？","https://www.bilibili.com/video/BV17K411G7SJ/"
"animation","如 何 优 雅 地 不 背 单 词","https://www.bilibili.com/video/BV1oT411K7tC/"
"animation","在中国铁路再次上演《你的名字》名场面","https://www.bilibili.com/video/BV1CF4m1F7k7/"
"animation","【4K】我用十年积蓄，拍了独属于我的One Last Kiss","https://www.bilibili.com/video/BV1pX4be5EJ3/"
"animation","含痞量极高 庵野秀明风格拍摄剪辑 EVA主题曲 宇多田光 One last kiss","https://www.bilibili.com/video/BV18Z4y1C7Eu/"
"animation","在东京，我拍出来了独属于我的《One Last Kiss》","https://www.bilibili.com/video/BV1AwYuegE5L/"
"animation","《终点只在心中》，黑塔，手书动画","https://www.bilibili.com/video/BV1j14y1B7eE/"
"animation","星铁1.5活动界面的彩蛋","https://www.bilibili.com/video/BV1Lu4y1P7s2/"
"animation","【牛枝组合】银枝宝贝只需要抬音响就行了，而我波提欧要考虑的就多了","https://www.bilibili.com/video/BV1sM4m1m7AB/"
"animation","【欧黄组合（下集）】想要波提欧的左轮跳枪教学？看好了！","https://www.bilibili.com/video/BV1xZ421K7JU/"
"animation","【崩坏学园2】再 见 崩 坏","https://www.bilibili.com/video/BV1cm4y1z7RU/"
"animation","《崩坏3》4.2版本「幻夜迷迭」宣传PV 回忆是迷迭香的花语","https://www.bilibili.com/video/BV1354y1i7Wd/"
"animation","【RCVO名场面】我什么都愿意做！【MyGo!!!!!粤语配音】","https://www.bilibili.com/video/BV1mi421y7fq/"
"animation","【RCVO】粤语配音版「你的颜色」【星穹铁道粤配】","https://www.bilibili.com/video/BV1Cz421C77p/"
"animation","【RCVO】粤语版「独角戏」广东花火再临【星穹铁道粤配】","https://www.bilibili.com/video/BV1fz421D7bh/"
"animation","一键三连，但是星核猎手？！","https://www.bilibili.com/video/BV1us421M7mX/"
"animation","【EVA】感谢你曾来过我的世界:│▌ One Last Kiss","https://www.bilibili.com/video/BV1254y187SE/"
"animation","4K【星铁】黄泉E技能慢放120倍","https://www.bilibili.com/video/BV1VZ421q7BF/"
"animation","个人动画","https://www.bilibili.com/video/BV1Cx411w7zs/"
"animation","Flash动画","https://www.bilibili.com/video/BV1ns411Z7ac/"
"animation","【Pr教程】超简单的任意门转场 打开门就可以进入任何地方！","https://www.bilibili.com/video/BV1fx41137c3/"
"animation","《躲子弹是你的谎言》","https://www.bilibili.com/video/BV1Bi421h76W/"
"animation","随便画的小女孩从纸上跑出来了……？🤔【纸绘/逐帧动画/手书】","https://www.bilibili.com/video/BV1bW42197uo/"
"animation","成年人的专属，男人的浪漫。用90年代的画风打开绝区零！！","https://www.bilibili.com/video/BV1Hf421q7GT/"
"animation","【星穹铁道/花火】“在《雾里》，我欢愉得像个星神！”","https://www.bilibili.com/video/BV1bC411b7Yh/"
"animation","《崩坏：星穹铁道》花火角色PV——「独角戏」","https://www.bilibili.com/video/BV1mW421A7nM/"
"animation","战意狂潮 | 黄泉","https://www.bilibili.com/video/BV1aJ4m1L73i/"
"animation","一个旅行者抽到了芙宁娜，这是他发生的变化…… (【原神MMD】","https://www.bilibili.com/video/BV1Cu4y1M7uB/"
"animation","【元气骑士】假如高考可以带天赋belike:","https://www.bilibili.com/video/BV1Yn4y1d7QG/"
"animation","😡当你高考时be like","https://www.bilibili.com/video/BV1ay411b7Js/"
"animation","【自制动画】《黄泉·寂静】如此夜幕 应是寂静无声！","https://www.bilibili.com/video/BV1bT421i7va/"
"animation","r̵͎̟̰͓̄̈̔̌̆̌̋͌̽̇͛͒e̶̲͓̠͖̠̝͕͍͙̗̳̊̃͑͑̾͂͒d҉͍̟͖͎̜̟͓̗̤͂͌̄͊̈    【oc|原创动画】毕设概念.但还没毕业","https://www.bilibili.com/video/BV1mW4y1z7a3/"
"animation","可以点一下封面吗？","https://www.bilibili.com/video/BV1iC41177Rk/"
"animation","苹果店为什么高级｜右键RightClick","https://www.bilibili.com/video/BV1Ey4y1x7WX/"
"animation","大祥老师请注意形象","https://www.bilibili.com/video/BV1c1421B7Yr/"
"animation","《崩坏：星穹铁道》黄泉角色PV——「你的颜色」","https://www.bilibili.com/video/BV1Ri421X7sS/"
"animation","BOOM! CLAP❤️","https://www.bilibili.com/video/BV1Ti421k7Nh/"
"animation","💹-50％","https://www.bilibili.com/video/BV1d1421o7w8/"
"animation","我们是——几何图形!","https://www.bilibili.com/video/BV1wF4m1P7g8/"
"animation","[动效]Apple Music如何在动效上暴打国内音乐App【STRAY】","https://www.bilibili.com/video/BV1Yo4y1s7g6/"
"animation","重大提升？Flyme10动效解析『STRAY』","https://www.bilibili.com/video/BV1fo4y1L7kJ/"
"animation","「4K120」iOS动画设计究竟有多美？99%还原iOS动画纯享版","https://www.bilibili.com/video/BV1QA4m1w7EG/"
"animation","难分伯仲？iOS VS MIUI 动画解析对比（超详细）","https://www.bilibili.com/video/BV12h411e7p1/"
"animation","土法动画制作指南","https://www.bilibili.com/video/BV1qA411e731/"
"series","黑马程序员前端JavaScript入门到精通全套视频教程，javascript核心进阶ES6语法、API、js高级等基础知识和实战教程","https://www.bilibili.com/video/BV1Y84y1L7Nn/"
"series","为初学者准备的：HTML 速成","https://www.bilibili.com/video/BV1vs411M7aT/"
"series","【Web前端开发】《零基础入门学习Web开发》（HTML5&CSS3）","https://www.bilibili.com/video/BV1QW411N762/"
"series","尚硅谷React教程（已加更新版内容，B站最火）","https://www.bilibili.com/video/BV1wy4y1D7JT/"
"series","尚硅谷Vue2.0+Vue3.0全套教程丨vuejs从入门到精通","https://www.bilibili.com/video/BV1Zy4y1K7SH/"
"series","【C语言描述】《数据结构和算法》","https://www.bilibili.com/video/BV1jW411K7yg/"
"series","JavaScript前端课程-dom-bom-js-es6新语法-jQuery-数据可视化echarts黑马pink老师前端入门基础视频教程(500多集)持续","https://www.bilibili.com/video/BV1Sy4y1C7ha/"
"series","黑马程序员pink老师前端入门教程，零基础必看的h5(html5)+css3+移动端前端视频教程","https://www.bilibili.com/video/BV14J4114768/"
"series","黑马程序员匠心之作|C++教程从0到1入门编程学习编程不再难","https://www.bilibili.com/video/BV1et411b73Z/"
"series","来了！匹诺康尼！【崩坏：星穹铁道】主线实况（全23P","https://www.bilibili.com/video/BV1Hx4UeeEv1/"
"series","《重返未来：1999》公测 全剧情【4K英配/电影画幅】","https://www.bilibili.com/video/BV1eo4y1u7aW/"
"series","2015国际华语辩论邀请赛","https://www.bilibili.com/video/BV1fb411F7Ey/"
"series","【国际大专辩论赛】王者们的封神之战！！","https://www.bilibili.com/video/BV1F4411K7Cr/"
"series","2020国际华语辩论邀请赛","https://www.bilibili.com/video/BV1uo4y1f7Ba/"
"series","2019国际华语辩论邀请赛","https://www.bilibili.com/video/BV1WJ411t7g4/"
"series","2021国际华语辩论邀请赛","https://www.bilibili.com/video/BV16Z4y1f7vD/"
"series","【2021华语辩坛老友赛决赛】熬夜是现代人的病/药","https://www.bilibili.com/video/BV1LU4y1J7Wi/"
"series","2014国际华语辩论邀请赛","https://www.bilibili.com/video/BV1NW411p7Jr/"
"series","2017国际华语辩论邀请赛","https://www.bilibili.com/video/BV1HW411a76f/"
"series","2018国际华语辩论邀请赛","https://www.bilibili.com/video/BV12t411D7Tc/"
"series","【原神】原神剧情主线合集（已更新！4.7纺坠终久之梦）【4K 60FPS】未完待续 持续更新","https://www.bilibili.com/video/BV1vK4y1P74F/"
"series","【木鱼微剧场】《红楼梦》（全集）","https://www.bilibili.com/video/BV1CC4y1a7ee/"
"series","【崩坏3】主线第一部全剧情合集（不含战斗）","https://www.bilibili.com/video/BV1LV411Z7fz/"
"series","崩坏：星穹铁道剧情合集二期4K（更新到2.5主线间章明宵竞武试锋芒下，星天演武仪典）","https://www.bilibili.com/video/BV1nH4y1Y7gV/"
"series","崩坏•星穹铁道剧情合集一期4K","https://www.bilibili.com/video/BV1uP411U7Ap/"
"series","VoiceTube 看影片學英語——看脱口秀（stand-up）学英文 （停更）","https://www.bilibili.com/video/BV1XH4y1y7rg/"
"wish","[南开大学 23C++] 抛瓦人","https://www.bilibili.com/video/BV1cg4y1g7hE/"
"wish","为初学者准备的：HTML 速成","https://www.bilibili.com/video/BV1vs411M7aT/"
"wish","尚硅谷React教程（已加更新版内容，B站最火）","https://www.bilibili.com/video/BV1wy4y1D7JT/"
"wish","尚硅谷Vue2.0+Vue3.0全套教程丨vuejs从入门到精通","https://www.bilibili.com/video/BV1Zy4y1K7SH/"
"wish","【湊あくあ/我回来了】▼梦幻的湊阿库娅复活直播！【欢迎回来】【剪辑】","https://www.bilibili.com/video/BV1bE411t7Ds/"
"wish","《数理化自学丛书》1963年出版，共17册，在中国出版界和教育界具有重要影响力的一部数理化专业中等教育自学丛书","https://www.bilibili.com/video/BV17h4y167D4/"
"wish","差点把德芙吐出来","https://www.bilibili.com/video/BV1wD42137i6/"
"wish","[全熟]猫雷醉酒回! 重新定义真正的可爱! 最无法忘记的一集[历史回忆系列][2022/7/5]","https://www.bilibili.com/video/BV1hpsyeAEyi/"
"wish","陈子豪：给大佬们秀秀厨艺！","https://www.bilibili.com/video/BV1VHsdeYEyg/"
"wish","上海女高中生高考完的第一天vlog","https://www.bilibili.com/video/BV1ce4y1R7tn/"
"wish","信息学竞赛 (OI) 究竟发生了什么？","https://www.bilibili.com/video/BV1di421f7L5/"
"wish","如 何 优 雅 地 不 背 单 词","https://www.bilibili.com/video/BV1oT411K7tC/"
"wish","基本不等式学懵了？40mins学会做题！","https://www.bilibili.com/video/BV1yXbFeBE13/"
"wish","30岁硕士攒100w吃息退休实践，新年开门红200w不是梦","https://www.bilibili.com/video/BV1fT411X7PD/"
"wish","【ACM】 jls和dls教你计算几何 wannafly 2019 算法冬令营 by杜瑜皓 吉如一 ACM ICPC  录播","https://www.bilibili.com/video/BV1Bt411j7bs/"
"wish","【ACM】 数论  wannafly 2019 算法冬令营 ACM ICPC tls jls授课 录播","https://www.bilibili.com/video/BV1ft411n7Fe/"
"wish","【湊あくあ×犬山たまき】magnet【唱了首歌】","https://www.bilibili.com/video/BV1St411z7bu/"
"wish","向阳而行，28岁的最后一天！","https://www.bilibili.com/video/BV1ZT411N7mn/"
"wish","小小VLOG，一数做视频的一天！","https://www.bilibili.com/video/BV1bj41137Lh/"
"wish","终于轮到我当老师了！！！","https://www.bilibili.com/video/BV1n1pneVEyx/"
"wish","花火折纸教程，就一张纸？","https://www.bilibili.com/video/BV1Yn4y197tX/"
"wish","【牛枝组合】银枝宝贝只需要抬音响就行了，而我波提欧要考虑的就多了","https://www.bilibili.com/video/BV1sM4m1m7AB/"
"wish","【力量哥】“你眼前划过的是整个CR中唯一创造的奇迹”","https://www.bilibili.com/video/BV1pb421q7Qf/"
"wish","如果你打算在数码区发一些视频","https://www.bilibili.com/video/BV1zg4y1t75D/"
"wish","设计师UP的几句心声 - oooooohmygosh","https://www.bilibili.com/video/BV11A411G78H/"
"wish","🔥全网首发，我还原了绳网🔥","https://www.bilibili.com/video/BV1n5YsejE8o/"
"wish","追求理想?不顾一切？家里有矿？是的，我摊牌了","https://www.bilibili.com/video/BV1UA411p7rW/"
"wish","100万粉奖牌开箱+高考许愿墙+新书《阿不高中数学同步刷》发布！【阿不】","https://www.bilibili.com/video/BV1JE4m1d7KB/"
"wish","2023强基计划第一讲   高质量且无偿！","https://www.bilibili.com/video/BV1N24y1j7TM/"
"wish","初三生半年居然在B站获得了30万粉丝？（含读评论）","https://www.bilibili.com/video/BV1za4y1M7Jq/"
"wish","10年后，900万了","https://www.bilibili.com/video/BV1jT42167Xb/"
"view","“我，因玩原神，被依法判处死刑。”","https://www.bilibili.com/video/BV1HN4y1C7Ep/"
"view","从出生就跳进了《染缸》","https://www.bilibili.com/video/BV1wEaRewEon/"
"view","锐评互联网现状！星穹铁道，它又干了！","https://www.bilibili.com/video/BV1uT4ZeBEto/"
"view","【官方双语】我们的视频为什么被YouTube下架了(赞助)#linus谈科技","https://www.bilibili.com/video/BV1zp4YenEKT/"
"view","【前方低能】【掉SAN警告】【疯狂踩点】只需5秒我就能从你手中抢走举报！","https://www.bilibili.com/video/BV1VJ411D7s9/"
"view","【睡前消息467】居家隔离带手环，关门码字被锁定（7月新闻回顾 中）","https://www.bilibili.com/video/BV1sT411L7yF/"
"view","有些人 天生就是学霸","https://www.bilibili.com/video/BV11C411x7T8/"
"view","广  告","https://www.bilibili.com/video/BV1C1pwe8ECV/"
"view","【睡前消息682】支持张雪峰批文科，没有独立性哪有尊严","https://www.bilibili.com/video/BV1GN4y1h7Ex/"
